cmc_g_l,id
0.087851,Polysorbate20.csv
0.08899299999999999,Polysorbate40.csv
0.052587,Polysorbate60.csv
0.040683,Polysorbate80.csv
0.054203999999999995,Polysorbate85.csv
