concentration_g_l,surface_tension_mN_m
0.39115,46.05
0.15186,46.17
0.083074,46.17
0.054204,46.19
0.03972,47.73
0.034611,48.62
0.015446,54.07
0.0086747,56.82
