concentration_g_l,surface_tension_mN_m
0.40227,45.41
0.14731,45.56
0.086586,45.43
0.05799,45.52
0.040683,45.47
0.033768,45.81
0.025564,45.99
0.01944,48.0
0.0048375,55.5
