concentration_g_l,surface_tension_mN_m
0.4079,43.78
0.14911,43.84
0.088993,43.78
0.03972,46.68
0.019793,49.43
0.0092199,53.69
0.0027936,57.4
