concentration_g_l,surface_tension_mN_m
0.40602,44.6
0.14911,44.58
0.088993,44.67
0.052587,44.74
0.043003,46.37
0.030056,47.73
0.019793,49.89
0.0089437,54.14
0.0047317,56.57
