concentration_g_l,surface_tension_mN_m
0.40949,43.73
0.14797,43.73
0.087851,43.73
0.040554,46.13
0.019972,49.4
0.019441,51.4
0.0089791,55.07
